# Sorting benchmark: TreapSort, PQSort (java.util.PriorityQueue), Java TimSort (Arrays.sort),
# QuickSort, MergeSort (SortingAlgorithms.java).
# Generated local time: 2026-04-15T23:57:17.428464300
# Input sizes n: 100 .. 10000 step 100
# Random seed: 42
# time_ns: wall-clock nanoseconds to sort one copy of the input.
# memory_delta_bytes: (used heap after - before) after System.gc(); noisy, JVM-dependent.
# Row blocks: all rows for one algorithm, then the next (same input per n+pattern across algorithms).
#
n,input_pattern,algorithm,time_ns,memory_delta_bytes
# --- block: TreapSort ---
100,RANDOM,TreapSort,6691000,970408
100,NEARLY_SORTED,TreapSort,637800,849112
100,REVERSE_SORTED,TreapSort,576600,849112
200,RANDOM,TreapSort,722400,849112
200,NEARLY_SORTED,TreapSort,896000,1228128
200,REVERSE_SORTED,TreapSort,332700,808680
300,RANDOM,TreapSort,500600,808680
300,NEARLY_SORTED,TreapSort,418600,808680
300,REVERSE_SORTED,TreapSort,552300,808680
400,RANDOM,TreapSort,801000,808680
400,NEARLY_SORTED,TreapSort,537900,808680
400,REVERSE_SORTED,TreapSort,448500,808680
500,RANDOM,TreapSort,628100,808680
500,NEARLY_SORTED,TreapSort,535500,808680
500,REVERSE_SORTED,TreapSort,581100,808680
600,RANDOM,TreapSort,674400,808680
600,NEARLY_SORTED,TreapSort,682400,808680
600,REVERSE_SORTED,TreapSort,390900,808680
700,RANDOM,TreapSort,731000,808680
700,NEARLY_SORTED,TreapSort,565100,808680
700,REVERSE_SORTED,TreapSort,545500,808680
800,RANDOM,TreapSort,742000,808680
800,NEARLY_SORTED,TreapSort,662900,808680
800,REVERSE_SORTED,TreapSort,633700,808680
900,RANDOM,TreapSort,719700,808680
900,NEARLY_SORTED,TreapSort,1100600,808680
900,REVERSE_SORTED,TreapSort,643200,808680
1000,RANDOM,TreapSort,859700,808680
1000,NEARLY_SORTED,TreapSort,811700,808680
1000,REVERSE_SORTED,TreapSort,636300,808680
1100,RANDOM,TreapSort,712700,808680
1100,NEARLY_SORTED,TreapSort,627000,808680
1100,REVERSE_SORTED,TreapSort,583100,808680
1200,RANDOM,TreapSort,715800,808680
1200,NEARLY_SORTED,TreapSort,634800,808680
1200,REVERSE_SORTED,TreapSort,635000,808680
1300,RANDOM,TreapSort,668300,808680
1300,NEARLY_SORTED,TreapSort,641200,808680
1300,REVERSE_SORTED,TreapSort,393000,808680
1400,RANDOM,TreapSort,694200,808680
1400,NEARLY_SORTED,TreapSort,495600,808680
1400,REVERSE_SORTED,TreapSort,535600,808680
1500,RANDOM,TreapSort,730600,808680
1500,NEARLY_SORTED,TreapSort,422900,808680
1500,REVERSE_SORTED,TreapSort,354500,808680
1600,RANDOM,TreapSort,625200,808680
1600,NEARLY_SORTED,TreapSort,587200,808680
1600,REVERSE_SORTED,TreapSort,254800,808680
1700,RANDOM,TreapSort,632700,808680
1700,NEARLY_SORTED,TreapSort,503600,808680
1700,REVERSE_SORTED,TreapSort,532100,808680
1800,RANDOM,TreapSort,510500,808680
1800,NEARLY_SORTED,TreapSort,544300,808680
1800,REVERSE_SORTED,TreapSort,527700,808680
1900,RANDOM,TreapSort,727600,808680
1900,NEARLY_SORTED,TreapSort,627500,808680
1900,REVERSE_SORTED,TreapSort,561000,808680
2000,RANDOM,TreapSort,934500,808680
2000,NEARLY_SORTED,TreapSort,642100,808680
2000,REVERSE_SORTED,TreapSort,415100,808680
2100,RANDOM,TreapSort,845600,808680
2100,NEARLY_SORTED,TreapSort,567300,808680
2100,REVERSE_SORTED,TreapSort,551300,808680
2200,RANDOM,TreapSort,1043700,808680
2200,NEARLY_SORTED,TreapSort,706900,808680
2200,REVERSE_SORTED,TreapSort,303300,808680
2300,RANDOM,TreapSort,1036800,808680
2300,NEARLY_SORTED,TreapSort,509100,808680
2300,REVERSE_SORTED,TreapSort,480100,808680
2400,RANDOM,TreapSort,834600,808680
2400,NEARLY_SORTED,TreapSort,625100,808680
2400,REVERSE_SORTED,TreapSort,362800,808680
2500,RANDOM,TreapSort,1588200,808680
2500,NEARLY_SORTED,TreapSort,451200,808680
2500,REVERSE_SORTED,TreapSort,317900,808680
2600,RANDOM,TreapSort,779600,808680
2600,NEARLY_SORTED,TreapSort,580500,808680
2600,REVERSE_SORTED,TreapSort,260600,808680
2700,RANDOM,TreapSort,723300,808680
2700,NEARLY_SORTED,TreapSort,473500,808680
2700,REVERSE_SORTED,TreapSort,339700,808680
2800,RANDOM,TreapSort,783800,808680
2800,NEARLY_SORTED,TreapSort,676200,808680
2800,REVERSE_SORTED,TreapSort,385900,808680
2900,RANDOM,TreapSort,963600,808680
2900,NEARLY_SORTED,TreapSort,439100,808680
2900,REVERSE_SORTED,TreapSort,268400,808680
3000,RANDOM,TreapSort,1030300,808680
3000,NEARLY_SORTED,TreapSort,609900,808680
3000,REVERSE_SORTED,TreapSort,260300,808680
3100,RANDOM,TreapSort,1375700,808680
3100,NEARLY_SORTED,TreapSort,522400,808680
3100,REVERSE_SORTED,TreapSort,398400,808680
3200,RANDOM,TreapSort,790300,808680
3200,NEARLY_SORTED,TreapSort,607900,808680
3200,REVERSE_SORTED,TreapSort,295300,808680
3300,RANDOM,TreapSort,962200,808680
3300,NEARLY_SORTED,TreapSort,509500,808680
3300,REVERSE_SORTED,TreapSort,390400,808680
3400,RANDOM,TreapSort,1172700,808680
3400,NEARLY_SORTED,TreapSort,497300,808680
3400,REVERSE_SORTED,TreapSort,336600,808680
3500,RANDOM,TreapSort,1196900,808680
3500,NEARLY_SORTED,TreapSort,592200,808680
3500,REVERSE_SORTED,TreapSort,366600,808680
3600,RANDOM,TreapSort,947000,808680
3600,NEARLY_SORTED,TreapSort,570100,808680
3600,REVERSE_SORTED,TreapSort,633500,808680
3700,RANDOM,TreapSort,1438200,808680
3700,NEARLY_SORTED,TreapSort,1009500,808680
3700,REVERSE_SORTED,TreapSort,558500,808680
3800,RANDOM,TreapSort,1318800,808680
3800,NEARLY_SORTED,TreapSort,812900,808680
3800,REVERSE_SORTED,TreapSort,480300,808680
3900,RANDOM,TreapSort,1653200,808680
3900,NEARLY_SORTED,TreapSort,841100,808680
3900,REVERSE_SORTED,TreapSort,540200,808680
4000,RANDOM,TreapSort,1450000,808680
4000,NEARLY_SORTED,TreapSort,818500,808680
4000,REVERSE_SORTED,TreapSort,520600,808680
4100,RANDOM,TreapSort,1445300,808680
4100,NEARLY_SORTED,TreapSort,866500,808680
4100,REVERSE_SORTED,TreapSort,567700,808680
4200,RANDOM,TreapSort,1640900,808680
4200,NEARLY_SORTED,TreapSort,848300,808680
4200,REVERSE_SORTED,TreapSort,582700,808680
4300,RANDOM,TreapSort,1510200,808680
4300,NEARLY_SORTED,TreapSort,1027600,808680
4300,REVERSE_SORTED,TreapSort,645600,808680
4400,RANDOM,TreapSort,2445800,808680
4400,NEARLY_SORTED,TreapSort,1193700,808680
4400,REVERSE_SORTED,TreapSort,719000,808680
4500,RANDOM,TreapSort,1813800,808680
4500,NEARLY_SORTED,TreapSort,1158900,808680
4500,REVERSE_SORTED,TreapSort,729700,808680
4600,RANDOM,TreapSort,2267600,808680
4600,NEARLY_SORTED,TreapSort,1081300,808680
4600,REVERSE_SORTED,TreapSort,656600,808680
4700,RANDOM,TreapSort,2205300,808680
4700,NEARLY_SORTED,TreapSort,1044000,808680
4700,REVERSE_SORTED,TreapSort,1858700,808680
4800,RANDOM,TreapSort,1230800,808680
4800,NEARLY_SORTED,TreapSort,1257200,808680
4800,REVERSE_SORTED,TreapSort,777300,808680
4900,RANDOM,TreapSort,1947900,808680
4900,NEARLY_SORTED,TreapSort,1161700,808680
4900,REVERSE_SORTED,TreapSort,684300,808680
5000,RANDOM,TreapSort,2156100,808680
5000,NEARLY_SORTED,TreapSort,1346300,808680
5000,REVERSE_SORTED,TreapSort,742200,808680
5100,RANDOM,TreapSort,2132600,808680
5100,NEARLY_SORTED,TreapSort,1293800,808680
5100,REVERSE_SORTED,TreapSort,781900,808680
5200,RANDOM,TreapSort,2258900,808680
5200,NEARLY_SORTED,TreapSort,1313200,808680
5200,REVERSE_SORTED,TreapSort,750100,808680
5300,RANDOM,TreapSort,2341000,808680
5300,NEARLY_SORTED,TreapSort,1439400,808680
5300,REVERSE_SORTED,TreapSort,792200,808680
5400,RANDOM,TreapSort,5083000,808680
5400,NEARLY_SORTED,TreapSort,2037300,808680
5400,REVERSE_SORTED,TreapSort,821700,808680
5500,RANDOM,TreapSort,2750400,808680
5500,NEARLY_SORTED,TreapSort,1349300,808680
5500,REVERSE_SORTED,TreapSort,808400,808680
5600,RANDOM,TreapSort,2488000,808680
5600,NEARLY_SORTED,TreapSort,1411000,808680
5600,REVERSE_SORTED,TreapSort,773900,808680
5700,RANDOM,TreapSort,2970200,808680
5700,NEARLY_SORTED,TreapSort,1505700,808680
5700,REVERSE_SORTED,TreapSort,796300,808680
5800,RANDOM,TreapSort,4385700,808680
5800,NEARLY_SORTED,TreapSort,1506900,808680
5800,REVERSE_SORTED,TreapSort,1342100,808680
5900,RANDOM,TreapSort,2967000,808680
5900,NEARLY_SORTED,TreapSort,1477700,808680
5900,REVERSE_SORTED,TreapSort,1139400,808680
6000,RANDOM,TreapSort,2899700,808680
6000,NEARLY_SORTED,TreapSort,1664000,1617352
6000,REVERSE_SORTED,TreapSort,933100,1617352
6100,RANDOM,TreapSort,2737100,808680
6100,NEARLY_SORTED,TreapSort,1901400,1617352
6100,REVERSE_SORTED,TreapSort,968200,1617352
6200,RANDOM,TreapSort,2729000,1617352
6200,NEARLY_SORTED,TreapSort,1433400,1617352
6200,REVERSE_SORTED,TreapSort,942200,1617352
6300,RANDOM,TreapSort,3043300,1617352
6300,NEARLY_SORTED,TreapSort,1503400,1617352
6300,REVERSE_SORTED,TreapSort,1077500,1617352
6400,RANDOM,TreapSort,2715800,1617352
6400,NEARLY_SORTED,TreapSort,1560600,1617352
6400,REVERSE_SORTED,TreapSort,945800,1617352
6500,RANDOM,TreapSort,2925100,1617352
6500,NEARLY_SORTED,TreapSort,1613300,1617352
6500,REVERSE_SORTED,TreapSort,1068100,1617352
6600,RANDOM,TreapSort,2845700,1617352
6600,NEARLY_SORTED,TreapSort,1575800,1617352
6600,REVERSE_SORTED,TreapSort,922700,1617352
6700,RANDOM,TreapSort,2950300,1617352
6700,NEARLY_SORTED,TreapSort,1649800,1617352
6700,REVERSE_SORTED,TreapSort,989600,1617352
6800,RANDOM,TreapSort,4503700,1617352
6800,NEARLY_SORTED,TreapSort,2202700,1617352
6800,REVERSE_SORTED,TreapSort,1210700,1617352
6900,RANDOM,TreapSort,3182000,1617352
6900,NEARLY_SORTED,TreapSort,1877800,1617352
6900,REVERSE_SORTED,TreapSort,1245300,1617352
7000,RANDOM,TreapSort,3620500,1617352
7000,NEARLY_SORTED,TreapSort,1921900,1673584
7000,REVERSE_SORTED,TreapSort,1251300,1673584
7100,RANDOM,TreapSort,3545500,1617352
7100,NEARLY_SORTED,TreapSort,1926500,1757920
7100,REVERSE_SORTED,TreapSort,1223500,1757920
7200,RANDOM,TreapSort,3655700,1673584
7200,NEARLY_SORTED,TreapSort,1820800,1757920
7200,REVERSE_SORTED,TreapSort,1216500,1757920
7300,RANDOM,TreapSort,3986700,1673584
7300,NEARLY_SORTED,TreapSort,1827400,1757920
7300,REVERSE_SORTED,TreapSort,1212700,1757920
7400,RANDOM,TreapSort,3991900,1757920
7400,NEARLY_SORTED,TreapSort,1860700,1757920
7400,REVERSE_SORTED,TreapSort,1243800,1757920
7500,RANDOM,TreapSort,4461500,1757920
7500,NEARLY_SORTED,TreapSort,1766500,1673568
7500,REVERSE_SORTED,TreapSort,1280300,1673568
7600,RANDOM,TreapSort,3299700,1757920
7600,NEARLY_SORTED,TreapSort,1845400,1795416
7600,REVERSE_SORTED,TreapSort,1304000,1795416
7700,RANDOM,TreapSort,3828400,1673568
7700,NEARLY_SORTED,TreapSort,2058200,1795416
7700,REVERSE_SORTED,TreapSort,1266500,1795416
7800,RANDOM,TreapSort,4694500,1673568
7800,NEARLY_SORTED,TreapSort,2004900,1795416
7800,REVERSE_SORTED,TreapSort,1283200,1795416
7900,RANDOM,TreapSort,4479400,1795416
7900,NEARLY_SORTED,TreapSort,2020600,1654832
7900,REVERSE_SORTED,TreapSort,1493500,1654832
8000,RANDOM,TreapSort,3780700,1795416
8000,NEARLY_SORTED,TreapSort,2370400,1820416
8000,REVERSE_SORTED,TreapSort,1612100,1820416
8100,RANDOM,TreapSort,4007400,1795416
8100,NEARLY_SORTED,TreapSort,2117400,1642336
8100,REVERSE_SORTED,TreapSort,1529300,1642336
8200,RANDOM,TreapSort,4674800,1654832
8200,NEARLY_SORTED,TreapSort,2028900,1642336
8200,REVERSE_SORTED,TreapSort,1290700,1642336
8300,RANDOM,TreapSort,3959500,1820416
8300,NEARLY_SORTED,TreapSort,2024600,1634008
8300,REVERSE_SORTED,TreapSort,1384400,1634008
8400,RANDOM,TreapSort,7085500,1820416
8400,NEARLY_SORTED,TreapSort,2013400,1634008
8400,REVERSE_SORTED,TreapSort,1350800,1634008
8500,RANDOM,TreapSort,3829900,1642336
8500,NEARLY_SORTED,TreapSort,2153900,1628456
8500,REVERSE_SORTED,TreapSort,1179200,1628456
8600,RANDOM,TreapSort,4232600,1634008
8600,NEARLY_SORTED,TreapSort,2127800,1624760
8600,REVERSE_SORTED,TreapSort,1285300,1624760
8700,RANDOM,TreapSort,3643700,1634008
8700,NEARLY_SORTED,TreapSort,2257700,1620648
8700,REVERSE_SORTED,TreapSort,1448000,1620648
8800,RANDOM,TreapSort,4968800,1628456
8800,NEARLY_SORTED,TreapSort,3843100,1663672
8800,REVERSE_SORTED,TreapSort,1414400,1663672
8900,RANDOM,TreapSort,4105900,1624760
8900,NEARLY_SORTED,TreapSort,3331800,1664072
8900,REVERSE_SORTED,TreapSort,1133000,1664072
9000,RANDOM,TreapSort,4491100,1620648
9000,NEARLY_SORTED,TreapSort,2358900,1660776
9000,REVERSE_SORTED,TreapSort,1317800,1660776
9100,RANDOM,TreapSort,6423800,1663240
9100,NEARLY_SORTED,TreapSort,2573900,1653752
9100,REVERSE_SORTED,TreapSort,1540200,1653752
9200,RANDOM,TreapSort,5284900,1663480
9200,NEARLY_SORTED,TreapSort,2111700,1617368
9200,REVERSE_SORTED,TreapSort,1554500,1617368
9300,RANDOM,TreapSort,11338600,1660176
9300,NEARLY_SORTED,TreapSort,2527400,1617368
9300,REVERSE_SORTED,TreapSort,1567900,1617368
9400,RANDOM,TreapSort,5374100,1653184
9400,NEARLY_SORTED,TreapSort,2746000,1617368
9400,REVERSE_SORTED,TreapSort,1326500,1617368
9500,RANDOM,TreapSort,4716000,1653504
9500,NEARLY_SORTED,TreapSort,2437800,1617368
9500,REVERSE_SORTED,TreapSort,1723200,1617368
9600,RANDOM,TreapSort,4691200,1617360
9600,NEARLY_SORTED,TreapSort,2564400,1617368
9600,REVERSE_SORTED,TreapSort,1480300,1617368
9700,RANDOM,TreapSort,5060900,1617360
9700,NEARLY_SORTED,TreapSort,2717600,1617368
9700,REVERSE_SORTED,TreapSort,1625900,1617368
9800,RANDOM,TreapSort,4989700,1617368
9800,NEARLY_SORTED,TreapSort,2434900,1617368
9800,REVERSE_SORTED,TreapSort,1557700,1617368
9900,RANDOM,TreapSort,4691400,1617368
9900,NEARLY_SORTED,TreapSort,2412700,1617368
9900,REVERSE_SORTED,TreapSort,1540600,1617368
10000,RANDOM,TreapSort,5042800,1617368
10000,NEARLY_SORTED,TreapSort,2724600,1617368
10000,REVERSE_SORTED,TreapSort,1561500,1617368
# --- block: PQSort ---
100,RANDOM,PQSort,719700,808680
100,NEARLY_SORTED,PQSort,109900,808688
100,REVERSE_SORTED,PQSort,143100,808688
200,RANDOM,PQSort,226500,808688
200,NEARLY_SORTED,PQSort,171800,808688
200,REVERSE_SORTED,PQSort,144500,808688
300,RANDOM,PQSort,170800,808688
300,NEARLY_SORTED,PQSort,139800,808688
300,REVERSE_SORTED,PQSort,152400,808688
400,RANDOM,PQSort,160800,808688
400,NEARLY_SORTED,PQSort,151700,808688
400,REVERSE_SORTED,PQSort,165100,808688
500,RANDOM,PQSort,215000,808688
500,NEARLY_SORTED,PQSort,179500,808688
500,REVERSE_SORTED,PQSort,214000,808688
600,RANDOM,PQSort,222700,808688
600,NEARLY_SORTED,PQSort,241300,808688
600,REVERSE_SORTED,PQSort,245100,808688
700,RANDOM,PQSort,327400,808688
700,NEARLY_SORTED,PQSort,179100,808688
700,REVERSE_SORTED,PQSort,192900,808688
800,RANDOM,PQSort,214200,808688
800,NEARLY_SORTED,PQSort,179100,808688
800,REVERSE_SORTED,PQSort,226600,808688
900,RANDOM,PQSort,196100,808688
900,NEARLY_SORTED,PQSort,184300,808688
900,REVERSE_SORTED,PQSort,180300,808688
1000,RANDOM,PQSort,222400,808688
1000,NEARLY_SORTED,PQSort,209100,808688
1000,REVERSE_SORTED,PQSort,208000,808688
1100,RANDOM,PQSort,213500,808688
1100,NEARLY_SORTED,PQSort,220400,808688
1100,REVERSE_SORTED,PQSort,198000,808688
1200,RANDOM,PQSort,297400,808688
1200,NEARLY_SORTED,PQSort,206300,808688
1200,REVERSE_SORTED,PQSort,219000,808688
1300,RANDOM,PQSort,240600,808688
1300,NEARLY_SORTED,PQSort,255700,808688
1300,REVERSE_SORTED,PQSort,229200,808688
1400,RANDOM,PQSort,290100,808688
1400,NEARLY_SORTED,PQSort,237100,808688
1400,REVERSE_SORTED,PQSort,322600,808688
1500,RANDOM,PQSort,276200,808688
1500,NEARLY_SORTED,PQSort,211100,808688
1500,REVERSE_SORTED,PQSort,213400,808688
1600,RANDOM,PQSort,209200,808688
1600,NEARLY_SORTED,PQSort,189300,808688
1600,REVERSE_SORTED,PQSort,205700,808688
1700,RANDOM,PQSort,231300,808688
1700,NEARLY_SORTED,PQSort,199700,808688
1700,REVERSE_SORTED,PQSort,220000,808688
1800,RANDOM,PQSort,257700,808688
1800,NEARLY_SORTED,PQSort,208900,808688
1800,REVERSE_SORTED,PQSort,260300,808688
1900,RANDOM,PQSort,263900,808688
1900,NEARLY_SORTED,PQSort,218700,808688
1900,REVERSE_SORTED,PQSort,241400,808688
2000,RANDOM,PQSort,278900,808688
2000,NEARLY_SORTED,PQSort,241200,808688
2000,REVERSE_SORTED,PQSort,248800,808688
2100,RANDOM,PQSort,310500,808688
2100,NEARLY_SORTED,PQSort,244400,808688
2100,REVERSE_SORTED,PQSort,273200,808688
2200,RANDOM,PQSort,305200,808688
2200,NEARLY_SORTED,PQSort,260300,808688
2200,REVERSE_SORTED,PQSort,351600,808688
2300,RANDOM,PQSort,400500,808688
2300,NEARLY_SORTED,PQSort,361800,808688
2300,REVERSE_SORTED,PQSort,285600,808688
2400,RANDOM,PQSort,437700,808688
2400,NEARLY_SORTED,PQSort,280300,808688
2400,REVERSE_SORTED,PQSort,320800,808688
2500,RANDOM,PQSort,363700,808688
2500,NEARLY_SORTED,PQSort,300800,808688
2500,REVERSE_SORTED,PQSort,386800,808688
2600,RANDOM,PQSort,394800,808688
2600,NEARLY_SORTED,PQSort,316500,808688
2600,REVERSE_SORTED,PQSort,381500,808688
2700,RANDOM,PQSort,387500,808688
2700,NEARLY_SORTED,PQSort,324500,808688
2700,REVERSE_SORTED,PQSort,366000,819472
2800,RANDOM,PQSort,383900,819872
2800,NEARLY_SORTED,PQSort,310900,819872
2800,REVERSE_SORTED,PQSort,343600,819872
2900,RANDOM,PQSort,398200,820272
2900,NEARLY_SORTED,PQSort,317200,820272
2900,REVERSE_SORTED,PQSort,365200,820272
3000,RANDOM,PQSort,411300,820672
3000,NEARLY_SORTED,PQSort,328900,820672
3000,REVERSE_SORTED,PQSort,365700,820672
3100,RANDOM,PQSort,431100,821072
3100,NEARLY_SORTED,PQSort,338100,821072
3100,REVERSE_SORTED,PQSort,382300,821072
3200,RANDOM,PQSort,462100,821472
3200,NEARLY_SORTED,PQSort,359200,821472
3200,REVERSE_SORTED,PQSort,399000,821472
3300,RANDOM,PQSort,461600,821872
3300,NEARLY_SORTED,PQSort,361100,821872
3300,REVERSE_SORTED,PQSort,446100,821872
3400,RANDOM,PQSort,474400,822272
3400,NEARLY_SORTED,PQSort,369100,822272
3400,REVERSE_SORTED,PQSort,422500,822272
3500,RANDOM,PQSort,491300,822672
3500,NEARLY_SORTED,PQSort,387300,822672
3500,REVERSE_SORTED,PQSort,447100,822672
3600,RANDOM,PQSort,511700,823072
3600,NEARLY_SORTED,PQSort,393100,823072
3600,REVERSE_SORTED,PQSort,789900,823072
3700,RANDOM,PQSort,522800,823472
3700,NEARLY_SORTED,PQSort,398300,823472
3700,REVERSE_SORTED,PQSort,458900,823472
3800,RANDOM,PQSort,538600,823872
3800,NEARLY_SORTED,PQSort,419800,823872
3800,REVERSE_SORTED,PQSort,463400,823872
3900,RANDOM,PQSort,561800,824272
3900,NEARLY_SORTED,PQSort,427900,824272
3900,REVERSE_SORTED,PQSort,485500,824272
4000,RANDOM,PQSort,578400,824672
4000,NEARLY_SORTED,PQSort,454000,824672
4000,REVERSE_SORTED,PQSort,514900,824672
4100,RANDOM,PQSort,626500,825072
4100,NEARLY_SORTED,PQSort,452800,825072
4100,REVERSE_SORTED,PQSort,527300,825072
4200,RANDOM,PQSort,620300,825472
4200,NEARLY_SORTED,PQSort,482000,825472
4200,REVERSE_SORTED,PQSort,521300,825472
4300,RANDOM,PQSort,620900,825872
4300,NEARLY_SORTED,PQSort,497900,825872
4300,REVERSE_SORTED,PQSort,534700,825872
4400,RANDOM,PQSort,643400,826272
4400,NEARLY_SORTED,PQSort,485800,826272
4400,REVERSE_SORTED,PQSort,550100,826272
4500,RANDOM,PQSort,746600,826672
4500,NEARLY_SORTED,PQSort,522000,826672
4500,REVERSE_SORTED,PQSort,562300,826672
4600,RANDOM,PQSort,670300,827072
4600,NEARLY_SORTED,PQSort,511400,827072
4600,REVERSE_SORTED,PQSort,584400,827072
4700,RANDOM,PQSort,682800,827472
4700,NEARLY_SORTED,PQSort,549200,827472
4700,REVERSE_SORTED,PQSort,589300,827472
4800,RANDOM,PQSort,699200,827872
4800,NEARLY_SORTED,PQSort,540500,827872
4800,REVERSE_SORTED,PQSort,639500,827872
4900,RANDOM,PQSort,743300,828272
4900,NEARLY_SORTED,PQSort,616400,828272
4900,REVERSE_SORTED,PQSort,618500,828272
5000,RANDOM,PQSort,800600,828672
5000,NEARLY_SORTED,PQSort,656200,828672
5000,REVERSE_SORTED,PQSort,730900,828672
5100,RANDOM,PQSort,762600,829072
5100,NEARLY_SORTED,PQSort,581200,829072
5100,REVERSE_SORTED,PQSort,634700,829072
5200,RANDOM,PQSort,823100,829472
5200,NEARLY_SORTED,PQSort,573200,829472
5200,REVERSE_SORTED,PQSort,657500,829472
5300,RANDOM,PQSort,783300,829872
5300,NEARLY_SORTED,PQSort,597700,829872
5300,REVERSE_SORTED,PQSort,746900,829872
5400,RANDOM,PQSort,813900,830272
5400,NEARLY_SORTED,PQSort,594400,830272
5400,REVERSE_SORTED,PQSort,678500,830272
5500,RANDOM,PQSort,833700,830672
5500,NEARLY_SORTED,PQSort,625400,830672
5500,REVERSE_SORTED,PQSort,691800,830672
5600,RANDOM,PQSort,914400,831072
5600,NEARLY_SORTED,PQSort,639600,831072
5600,REVERSE_SORTED,PQSort,710100,831072
5700,RANDOM,PQSort,855400,831472
5700,NEARLY_SORTED,PQSort,642500,831472
5700,REVERSE_SORTED,PQSort,719400,831472
5800,RANDOM,PQSort,881500,831872
5800,NEARLY_SORTED,PQSort,655200,831872
5800,REVERSE_SORTED,PQSort,734400,831872
5900,RANDOM,PQSort,903600,832272
5900,NEARLY_SORTED,PQSort,649600,832272
5900,REVERSE_SORTED,PQSort,748200,832272
6000,RANDOM,PQSort,939700,832672
6000,NEARLY_SORTED,PQSort,713800,832672
6000,REVERSE_SORTED,PQSort,769300,832672
6100,RANDOM,PQSort,931300,833072
6100,NEARLY_SORTED,PQSort,673700,833072
6100,REVERSE_SORTED,PQSort,849200,833072
6200,RANDOM,PQSort,964200,833472
6200,NEARLY_SORTED,PQSort,685900,833472
6200,REVERSE_SORTED,PQSort,786300,833472
6300,RANDOM,PQSort,1073500,833872
6300,NEARLY_SORTED,PQSort,979300,833872
6300,REVERSE_SORTED,PQSort,855400,833872
6400,RANDOM,PQSort,981600,834272
6400,NEARLY_SORTED,PQSort,813400,834272
6400,REVERSE_SORTED,PQSort,1081800,834272
6500,RANDOM,PQSort,1166100,834672
6500,NEARLY_SORTED,PQSort,751900,834672
6500,REVERSE_SORTED,PQSort,875000,834672
6600,RANDOM,PQSort,1034000,835072
6600,NEARLY_SORTED,PQSort,729200,835072
6600,REVERSE_SORTED,PQSort,916700,835072
6700,RANDOM,PQSort,1018900,835472
6700,NEARLY_SORTED,PQSort,742200,835472
6700,REVERSE_SORTED,PQSort,848900,835472
6800,RANDOM,PQSort,1051300,835872
6800,NEARLY_SORTED,PQSort,757600,835872
6800,REVERSE_SORTED,PQSort,865500,835872
6900,RANDOM,PQSort,1054500,836272
6900,NEARLY_SORTED,PQSort,787100,836272
6900,REVERSE_SORTED,PQSort,874200,836272
7000,RANDOM,PQSort,1124900,836672
7000,NEARLY_SORTED,PQSort,838800,836672
7000,REVERSE_SORTED,PQSort,903600,836672
7100,RANDOM,PQSort,1516900,837072
7100,NEARLY_SORTED,PQSort,679700,837072
7100,REVERSE_SORTED,PQSort,901600,837072
7200,RANDOM,PQSort,1122100,837472
7200,NEARLY_SORTED,PQSort,827100,837472
7200,REVERSE_SORTED,PQSort,989500,837472
7300,RANDOM,PQSort,1205200,837872
7300,NEARLY_SORTED,PQSort,819900,837872
7300,REVERSE_SORTED,PQSort,937300,837872
7400,RANDOM,PQSort,1165000,838272
7400,NEARLY_SORTED,PQSort,840900,838272
7400,REVERSE_SORTED,PQSort,1014200,838272
7500,RANDOM,PQSort,1365700,838672
7500,NEARLY_SORTED,PQSort,833500,838672
7500,REVERSE_SORTED,PQSort,1092900,838672
7600,RANDOM,PQSort,1183900,839072
7600,NEARLY_SORTED,PQSort,860300,839072
7600,REVERSE_SORTED,PQSort,1037400,839072
7700,RANDOM,PQSort,1188400,839472
7700,NEARLY_SORTED,PQSort,858200,839472
7700,REVERSE_SORTED,PQSort,1029700,839472
7800,RANDOM,PQSort,1215200,839872
7800,NEARLY_SORTED,PQSort,872100,839872
7800,REVERSE_SORTED,PQSort,1196300,839872
7900,RANDOM,PQSort,1273000,840272
7900,NEARLY_SORTED,PQSort,895000,840272
7900,REVERSE_SORTED,PQSort,1055600,840272
8000,RANDOM,PQSort,1262500,840672
8000,NEARLY_SORTED,PQSort,893200,840672
8000,REVERSE_SORTED,PQSort,1083500,840672
8100,RANDOM,PQSort,1280100,841072
8100,NEARLY_SORTED,PQSort,925300,841072
8100,REVERSE_SORTED,PQSort,1036100,841072
8200,RANDOM,PQSort,1381900,841472
8200,NEARLY_SORTED,PQSort,928700,841472
8200,REVERSE_SORTED,PQSort,1322000,841472
8300,RANDOM,PQSort,1318200,841872
8300,NEARLY_SORTED,PQSort,982700,841872
8300,REVERSE_SORTED,PQSort,1127900,841872
8400,RANDOM,PQSort,1519800,842272
8400,NEARLY_SORTED,PQSort,965800,842272
8400,REVERSE_SORTED,PQSort,998800,842272
8500,RANDOM,PQSort,1386500,842672
8500,NEARLY_SORTED,PQSort,948900,842672
8500,REVERSE_SORTED,PQSort,1330400,842672
8600,RANDOM,PQSort,1383000,843072
8600,NEARLY_SORTED,PQSort,1138300,843072
8600,REVERSE_SORTED,PQSort,1105200,843072
8700,RANDOM,PQSort,1440300,843472
8700,NEARLY_SORTED,PQSort,969200,843472
8700,REVERSE_SORTED,PQSort,1108900,843472
8800,RANDOM,PQSort,1409000,843872
8800,NEARLY_SORTED,PQSort,987300,843872
8800,REVERSE_SORTED,PQSort,1138500,843872
8900,RANDOM,PQSort,1411700,844272
8900,NEARLY_SORTED,PQSort,989700,844272
8900,REVERSE_SORTED,PQSort,1161900,844272
9000,RANDOM,PQSort,1435100,844672
9000,NEARLY_SORTED,PQSort,1098900,844672
9000,REVERSE_SORTED,PQSort,1207400,844672
9100,RANDOM,PQSort,1445600,845072
9100,NEARLY_SORTED,PQSort,1029400,845072
9100,REVERSE_SORTED,PQSort,1169500,845072
9200,RANDOM,PQSort,1497900,845472
9200,NEARLY_SORTED,PQSort,1026500,845472
9200,REVERSE_SORTED,PQSort,1378100,845472
9300,RANDOM,PQSort,1496000,845872
9300,NEARLY_SORTED,PQSort,1046500,845872
9300,REVERSE_SORTED,PQSort,1207200,845872
9400,RANDOM,PQSort,1504200,846272
9400,NEARLY_SORTED,PQSort,1045200,846272
9400,REVERSE_SORTED,PQSort,1226100,846272
9500,RANDOM,PQSort,1780900,846672
9500,NEARLY_SORTED,PQSort,1066200,846672
9500,REVERSE_SORTED,PQSort,1219300,846672
9600,RANDOM,PQSort,1577100,847072
9600,NEARLY_SORTED,PQSort,1070100,847072
9600,REVERSE_SORTED,PQSort,1260600,847072
9700,RANDOM,PQSort,2035300,847472
9700,NEARLY_SORTED,PQSort,1081700,847472
9700,REVERSE_SORTED,PQSort,1328100,847472
9800,RANDOM,PQSort,1854300,847872
9800,NEARLY_SORTED,PQSort,2312500,847872
9800,REVERSE_SORTED,PQSort,1286900,847872
9900,RANDOM,PQSort,1666200,848272
9900,NEARLY_SORTED,PQSort,1125000,848272
9900,REVERSE_SORTED,PQSort,1315800,848272
10000,RANDOM,PQSort,1832700,848672
10000,NEARLY_SORTED,PQSort,1133200,848672
10000,REVERSE_SORTED,PQSort,1999000,848672
# --- block: Java_TimSort ---
100,RANDOM,Java_TimSort,927400,808792
100,NEARLY_SORTED,Java_TimSort,98400,808704
100,REVERSE_SORTED,Java_TimSort,47000,808704
200,RANDOM,Java_TimSort,155100,808704
200,NEARLY_SORTED,Java_TimSort,87400,808704
200,REVERSE_SORTED,Java_TimSort,50500,808704
300,RANDOM,Java_TimSort,216300,808704
300,NEARLY_SORTED,Java_TimSort,104500,808704
300,REVERSE_SORTED,Java_TimSort,58400,808704
400,RANDOM,Java_TimSort,271500,808704
400,NEARLY_SORTED,Java_TimSort,122100,808704
400,REVERSE_SORTED,Java_TimSort,68300,808704
500,RANDOM,Java_TimSort,357500,808704
500,NEARLY_SORTED,Java_TimSort,169600,808704
500,REVERSE_SORTED,Java_TimSort,93400,808704
600,RANDOM,Java_TimSort,467000,808704
600,NEARLY_SORTED,Java_TimSort,194000,808704
600,REVERSE_SORTED,Java_TimSort,88500,808704
700,RANDOM,Java_TimSort,403200,808704
700,NEARLY_SORTED,Java_TimSort,177000,808704
700,REVERSE_SORTED,Java_TimSort,55300,808704
800,RANDOM,Java_TimSort,469400,808704
800,NEARLY_SORTED,Java_TimSort,205400,808704
800,REVERSE_SORTED,Java_TimSort,69600,808704
900,RANDOM,Java_TimSort,461100,808704
900,NEARLY_SORTED,Java_TimSort,174000,808704
900,REVERSE_SORTED,Java_TimSort,61300,808704
1000,RANDOM,Java_TimSort,776200,808704
1000,NEARLY_SORTED,Java_TimSort,192300,808704
1000,REVERSE_SORTED,Java_TimSort,74100,808704
1100,RANDOM,Java_TimSort,311600,808704
1100,NEARLY_SORTED,Java_TimSort,169300,808704
1100,REVERSE_SORTED,Java_TimSort,74300,808704
1200,RANDOM,Java_TimSort,354900,808704
1200,NEARLY_SORTED,Java_TimSort,131100,808704
1200,REVERSE_SORTED,Java_TimSort,98900,808704
1300,RANDOM,Java_TimSort,359400,808704
1300,NEARLY_SORTED,Java_TimSort,146300,808704
1300,REVERSE_SORTED,Java_TimSort,70500,808704
1400,RANDOM,Java_TimSort,452600,808704
1400,NEARLY_SORTED,Java_TimSort,140800,808704
1400,REVERSE_SORTED,Java_TimSort,78700,808704
1500,RANDOM,Java_TimSort,378000,808704
1500,NEARLY_SORTED,Java_TimSort,168700,808704
1500,REVERSE_SORTED,Java_TimSort,97100,808704
1600,RANDOM,Java_TimSort,406500,808704
1600,NEARLY_SORTED,Java_TimSort,150100,808704
1600,REVERSE_SORTED,Java_TimSort,70400,808704
1700,RANDOM,Java_TimSort,416300,808704
1700,NEARLY_SORTED,Java_TimSort,218500,808704
1700,REVERSE_SORTED,Java_TimSort,74900,808704
1800,RANDOM,Java_TimSort,523500,808704
1800,NEARLY_SORTED,Java_TimSort,198800,808704
1800,REVERSE_SORTED,Java_TimSort,86500,808704
1900,RANDOM,Java_TimSort,621500,808704
1900,NEARLY_SORTED,Java_TimSort,204900,808704
1900,REVERSE_SORTED,Java_TimSort,82400,808704
2000,RANDOM,Java_TimSort,623300,808704
2000,NEARLY_SORTED,Java_TimSort,197400,808704
2000,REVERSE_SORTED,Java_TimSort,96800,808704
2100,RANDOM,Java_TimSort,657500,808704
2100,NEARLY_SORTED,Java_TimSort,235400,808704
2100,REVERSE_SORTED,Java_TimSort,215100,808704
2200,RANDOM,Java_TimSort,871700,808704
2200,NEARLY_SORTED,Java_TimSort,279600,808704
2200,REVERSE_SORTED,Java_TimSort,160400,808704
2300,RANDOM,Java_TimSort,1315000,808704
2300,NEARLY_SORTED,Java_TimSort,299500,808704
2300,REVERSE_SORTED,Java_TimSort,165500,808704
2400,RANDOM,Java_TimSort,1202000,808704
2400,NEARLY_SORTED,Java_TimSort,370700,808704
2400,REVERSE_SORTED,Java_TimSort,126100,808704
2500,RANDOM,Java_TimSort,1222000,808704
2500,NEARLY_SORTED,Java_TimSort,344600,808704
2500,REVERSE_SORTED,Java_TimSort,190900,808704
2600,RANDOM,Java_TimSort,1329400,808704
2600,NEARLY_SORTED,Java_TimSort,351300,808704
2600,REVERSE_SORTED,Java_TimSort,172300,808704
2700,RANDOM,Java_TimSort,1436700,808704
2700,NEARLY_SORTED,Java_TimSort,378600,808704
2700,REVERSE_SORTED,Java_TimSort,188600,808704
2800,RANDOM,Java_TimSort,1634500,808704
2800,NEARLY_SORTED,Java_TimSort,392100,808704
2800,REVERSE_SORTED,Java_TimSort,187500,808704
2900,RANDOM,Java_TimSort,2201100,808704
2900,NEARLY_SORTED,Java_TimSort,430600,808704
2900,REVERSE_SORTED,Java_TimSort,264200,808704
3000,RANDOM,Java_TimSort,1818400,808704
3000,NEARLY_SORTED,Java_TimSort,458100,808704
3000,REVERSE_SORTED,Java_TimSort,194600,808704
3100,RANDOM,Java_TimSort,1625700,808704
3100,NEARLY_SORTED,Java_TimSort,569800,808704
3100,REVERSE_SORTED,Java_TimSort,152800,808704
3200,RANDOM,Java_TimSort,2714300,808704
3200,NEARLY_SORTED,Java_TimSort,549400,808704
3200,REVERSE_SORTED,Java_TimSort,206100,808704
3300,RANDOM,Java_TimSort,2019300,808704
3300,NEARLY_SORTED,Java_TimSort,543300,808704
3300,REVERSE_SORTED,Java_TimSort,211700,808704
3400,RANDOM,Java_TimSort,2494700,808704
3400,NEARLY_SORTED,Java_TimSort,450600,808704
3400,REVERSE_SORTED,Java_TimSort,157600,808704
3500,RANDOM,Java_TimSort,8413300,808704
3500,NEARLY_SORTED,Java_TimSort,301000,808704
3500,REVERSE_SORTED,Java_TimSort,74600,808704
3600,RANDOM,Java_TimSort,3409700,808704
3600,NEARLY_SORTED,Java_TimSort,297700,808704
3600,REVERSE_SORTED,Java_TimSort,76300,808704
3700,RANDOM,Java_TimSort,2344700,808704
3700,NEARLY_SORTED,Java_TimSort,321300,808704
3700,REVERSE_SORTED,Java_TimSort,81100,808704
3800,RANDOM,Java_TimSort,2276200,808704
3800,NEARLY_SORTED,Java_TimSort,347800,808704
3800,REVERSE_SORTED,Java_TimSort,81400,808704
3900,RANDOM,Java_TimSort,2460700,808704
3900,NEARLY_SORTED,Java_TimSort,375800,808704
3900,REVERSE_SORTED,Java_TimSort,83200,808704
4000,RANDOM,Java_TimSort,1872400,808704
4000,NEARLY_SORTED,Java_TimSort,393900,808704
4000,REVERSE_SORTED,Java_TimSort,78300,808704
4100,RANDOM,Java_TimSort,2483900,808704
4100,NEARLY_SORTED,Java_TimSort,335500,808704
4100,REVERSE_SORTED,Java_TimSort,81800,808704
4200,RANDOM,Java_TimSort,4481300,808704
4200,NEARLY_SORTED,Java_TimSort,429500,808704
4200,REVERSE_SORTED,Java_TimSort,89200,808704
4300,RANDOM,Java_TimSort,2614500,808704
4300,NEARLY_SORTED,Java_TimSort,340500,808704
4300,REVERSE_SORTED,Java_TimSort,473900,808704
4400,RANDOM,Java_TimSort,2583800,808704
4400,NEARLY_SORTED,Java_TimSort,314500,808704
4400,REVERSE_SORTED,Java_TimSort,147200,808704
4500,RANDOM,Java_TimSort,2405300,808704
4500,NEARLY_SORTED,Java_TimSort,318400,808704
4500,REVERSE_SORTED,Java_TimSort,83500,808704
4600,RANDOM,Java_TimSort,8540300,808704
4600,NEARLY_SORTED,Java_TimSort,353400,808704
4600,REVERSE_SORTED,Java_TimSort,212500,808704
4700,RANDOM,Java_TimSort,2571800,808704
4700,NEARLY_SORTED,Java_TimSort,365000,808704
4700,REVERSE_SORTED,Java_TimSort,89600,808704
4800,RANDOM,Java_TimSort,2869600,808704
4800,NEARLY_SORTED,Java_TimSort,416600,808704
4800,REVERSE_SORTED,Java_TimSort,89500,808704
4900,RANDOM,Java_TimSort,3025600,808704
4900,NEARLY_SORTED,Java_TimSort,371300,808704
4900,REVERSE_SORTED,Java_TimSort,99900,808704
5000,RANDOM,Java_TimSort,3065000,808704
5000,NEARLY_SORTED,Java_TimSort,374600,808704
5000,REVERSE_SORTED,Java_TimSort,91400,808704
5100,RANDOM,Java_TimSort,2701700,808704
5100,NEARLY_SORTED,Java_TimSort,299500,808704
5100,REVERSE_SORTED,Java_TimSort,96300,808704
5200,RANDOM,Java_TimSort,1812300,808704
5200,NEARLY_SORTED,Java_TimSort,431400,808704
5200,REVERSE_SORTED,Java_TimSort,104100,808704
5300,RANDOM,Java_TimSort,2378300,808704
5300,NEARLY_SORTED,Java_TimSort,321200,808704
5300,REVERSE_SORTED,Java_TimSort,99200,808704
5400,RANDOM,Java_TimSort,2453900,808704
5400,NEARLY_SORTED,Java_TimSort,313800,808704
5400,REVERSE_SORTED,Java_TimSort,94700,808704
5500,RANDOM,Java_TimSort,2726100,808704
5500,NEARLY_SORTED,Java_TimSort,299900,808704
5500,REVERSE_SORTED,Java_TimSort,98500,808704
5600,RANDOM,Java_TimSort,2810100,808704
5600,NEARLY_SORTED,Java_TimSort,323500,808704
5600,REVERSE_SORTED,Java_TimSort,95300,808704
5700,RANDOM,Java_TimSort,2595500,808704
5700,NEARLY_SORTED,Java_TimSort,342600,808704
5700,REVERSE_SORTED,Java_TimSort,103300,808704
5800,RANDOM,Java_TimSort,1464300,808704
5800,NEARLY_SORTED,Java_TimSort,250200,808704
5800,REVERSE_SORTED,Java_TimSort,128700,808704
5900,RANDOM,Java_TimSort,1340900,808704
5900,NEARLY_SORTED,Java_TimSort,301900,808704
5900,REVERSE_SORTED,Java_TimSort,103900,808704
6000,RANDOM,Java_TimSort,1382500,808704
6000,NEARLY_SORTED,Java_TimSort,280800,808704
6000,REVERSE_SORTED,Java_TimSort,105200,808704
6100,RANDOM,Java_TimSort,1523400,808704
6100,NEARLY_SORTED,Java_TimSort,288000,808704
6100,REVERSE_SORTED,Java_TimSort,103100,808704
6200,RANDOM,Java_TimSort,1364100,808704
6200,NEARLY_SORTED,Java_TimSort,594000,808704
6200,REVERSE_SORTED,Java_TimSort,102100,808704
6300,RANDOM,Java_TimSort,2158100,808704
6300,NEARLY_SORTED,Java_TimSort,416500,808704
6300,REVERSE_SORTED,Java_TimSort,103600,808704
6400,RANDOM,Java_TimSort,4649800,808704
6400,NEARLY_SORTED,Java_TimSort,403100,808704
6400,REVERSE_SORTED,Java_TimSort,105100,808704
6500,RANDOM,Java_TimSort,3562200,808704
6500,NEARLY_SORTED,Java_TimSort,834400,808704
6500,REVERSE_SORTED,Java_TimSort,99700,808704
6600,RANDOM,Java_TimSort,2055300,808704
6600,NEARLY_SORTED,Java_TimSort,500800,808704
6600,REVERSE_SORTED,Java_TimSort,104300,808704
6700,RANDOM,Java_TimSort,2149300,808704
6700,NEARLY_SORTED,Java_TimSort,392800,808704
6700,REVERSE_SORTED,Java_TimSort,100200,808704
6800,RANDOM,Java_TimSort,1999800,808704
6800,NEARLY_SORTED,Java_TimSort,402700,808704
6800,REVERSE_SORTED,Java_TimSort,128900,808704
6900,RANDOM,Java_TimSort,2161900,808704
6900,NEARLY_SORTED,Java_TimSort,412400,808704
6900,REVERSE_SORTED,Java_TimSort,111100,808704
7000,RANDOM,Java_TimSort,1614800,808704
7000,NEARLY_SORTED,Java_TimSort,452000,808704
7000,REVERSE_SORTED,Java_TimSort,108400,808704
7100,RANDOM,Java_TimSort,1587100,808704
7100,NEARLY_SORTED,Java_TimSort,334000,808704
7100,REVERSE_SORTED,Java_TimSort,111900,808704
7200,RANDOM,Java_TimSort,1482000,808704
7200,NEARLY_SORTED,Java_TimSort,276300,808704
7200,REVERSE_SORTED,Java_TimSort,207400,808704
7300,RANDOM,Java_TimSort,1721100,808704
7300,NEARLY_SORTED,Java_TimSort,276300,808704
7300,REVERSE_SORTED,Java_TimSort,109100,808704
7400,RANDOM,Java_TimSort,1426700,808704
7400,NEARLY_SORTED,Java_TimSort,277900,808704
7400,REVERSE_SORTED,Java_TimSort,112400,808704
7500,RANDOM,Java_TimSort,1460500,808704
7500,NEARLY_SORTED,Java_TimSort,283600,808704
7500,REVERSE_SORTED,Java_TimSort,109500,808704
7600,RANDOM,Java_TimSort,1753500,808704
7600,NEARLY_SORTED,Java_TimSort,309900,808704
7600,REVERSE_SORTED,Java_TimSort,120500,808704
7700,RANDOM,Java_TimSort,5380400,808704
7700,NEARLY_SORTED,Java_TimSort,296500,808704
7700,REVERSE_SORTED,Java_TimSort,110300,808704
7800,RANDOM,Java_TimSort,1817900,808704
7800,NEARLY_SORTED,Java_TimSort,281900,808704
7800,REVERSE_SORTED,Java_TimSort,124700,808704
7900,RANDOM,Java_TimSort,1328700,808704
7900,NEARLY_SORTED,Java_TimSort,528900,808704
7900,REVERSE_SORTED,Java_TimSort,115600,808704
8000,RANDOM,Java_TimSort,2147600,808704
8000,NEARLY_SORTED,Java_TimSort,464000,808704
8000,REVERSE_SORTED,Java_TimSort,122500,808704
8100,RANDOM,Java_TimSort,2359100,808704
8100,NEARLY_SORTED,Java_TimSort,503100,808704
8100,REVERSE_SORTED,Java_TimSort,124300,808704
8200,RANDOM,Java_TimSort,1452800,808704
8200,NEARLY_SORTED,Java_TimSort,271700,808704
8200,REVERSE_SORTED,Java_TimSort,106400,808704
8300,RANDOM,Java_TimSort,1256100,808704
8300,NEARLY_SORTED,Java_TimSort,248900,808704
8300,REVERSE_SORTED,Java_TimSort,140900,808704
8400,RANDOM,Java_TimSort,1944400,808704
8400,NEARLY_SORTED,Java_TimSort,584100,808704
8400,REVERSE_SORTED,Java_TimSort,180000,808704
8500,RANDOM,Java_TimSort,1228300,808704
8500,NEARLY_SORTED,Java_TimSort,252800,808704
8500,REVERSE_SORTED,Java_TimSort,120100,808704
8600,RANDOM,Java_TimSort,1406300,808704
8600,NEARLY_SORTED,Java_TimSort,294400,808704
8600,REVERSE_SORTED,Java_TimSort,117800,808704
8700,RANDOM,Java_TimSort,1381000,808704
8700,NEARLY_SORTED,Java_TimSort,284100,808704
8700,REVERSE_SORTED,Java_TimSort,104700,808704
8800,RANDOM,Java_TimSort,1257000,808704
8800,NEARLY_SORTED,Java_TimSort,267000,808704
8800,REVERSE_SORTED,Java_TimSort,104800,808704
8900,RANDOM,Java_TimSort,1279100,808704
8900,NEARLY_SORTED,Java_TimSort,261900,808704
8900,REVERSE_SORTED,Java_TimSort,104300,808704
9000,RANDOM,Java_TimSort,1305400,808704
9000,NEARLY_SORTED,Java_TimSort,272400,808704
9000,REVERSE_SORTED,Java_TimSort,103800,808704
9100,RANDOM,Java_TimSort,1364400,808704
9100,NEARLY_SORTED,Java_TimSort,281200,808704
9100,REVERSE_SORTED,Java_TimSort,108000,808704
9200,RANDOM,Java_TimSort,1354000,808704
9200,NEARLY_SORTED,Java_TimSort,307600,808704
9200,REVERSE_SORTED,Java_TimSort,105000,808704
9300,RANDOM,Java_TimSort,1356500,808704
9300,NEARLY_SORTED,Java_TimSort,287100,808704
9300,REVERSE_SORTED,Java_TimSort,116300,808704
9400,RANDOM,Java_TimSort,1348900,808704
9400,NEARLY_SORTED,Java_TimSort,298600,808704
9400,REVERSE_SORTED,Java_TimSort,110600,808704
9500,RANDOM,Java_TimSort,1371900,808704
9500,NEARLY_SORTED,Java_TimSort,300800,808704
9500,REVERSE_SORTED,Java_TimSort,112700,808704
9600,RANDOM,Java_TimSort,1551700,808704
9600,NEARLY_SORTED,Java_TimSort,280900,808704
9600,REVERSE_SORTED,Java_TimSort,113600,808704
9700,RANDOM,Java_TimSort,1470900,808704
9700,NEARLY_SORTED,Java_TimSort,298000,808704
9700,REVERSE_SORTED,Java_TimSort,124900,808704
9800,RANDOM,Java_TimSort,1693200,808704
9800,NEARLY_SORTED,Java_TimSort,389400,808704
9800,REVERSE_SORTED,Java_TimSort,124300,808704
9900,RANDOM,Java_TimSort,1735600,808704
9900,NEARLY_SORTED,Java_TimSort,337700,808704
9900,REVERSE_SORTED,Java_TimSort,124300,808704
10000,RANDOM,Java_TimSort,1662700,808704
10000,NEARLY_SORTED,Java_TimSort,324300,808704
10000,REVERSE_SORTED,Java_TimSort,128300,808704
# --- block: QuickSort ---
100,RANDOM,QuickSort,1711600,808680
100,NEARLY_SORTED,QuickSort,404200,808672
100,REVERSE_SORTED,QuickSort,357200,808672
200,RANDOM,QuickSort,75700,808672
200,NEARLY_SORTED,QuickSort,257300,808672
200,REVERSE_SORTED,QuickSort,346200,808672
300,RANDOM,QuickSort,84300,808672
300,NEARLY_SORTED,QuickSort,673100,808672
300,REVERSE_SORTED,QuickSort,815600,808672
400,RANDOM,QuickSort,103600,808672
400,NEARLY_SORTED,QuickSort,693600,808672
400,REVERSE_SORTED,QuickSort,1802600,808672
500,RANDOM,QuickSort,162500,808672
500,NEARLY_SORTED,QuickSort,992600,808672
500,REVERSE_SORTED,QuickSort,1824100,1617344
600,RANDOM,QuickSort,160000,808672
600,NEARLY_SORTED,QuickSort,1937000,808672
600,REVERSE_SORTED,QuickSort,1872900,1617344
700,RANDOM,QuickSort,126900,808672
700,NEARLY_SORTED,QuickSort,1321700,1617344
700,REVERSE_SORTED,QuickSort,2118600,2097152
800,RANDOM,QuickSort,166300,808672
800,NEARLY_SORTED,QuickSort,1197000,808672
800,REVERSE_SORTED,QuickSort,2952300,2905824
900,RANDOM,QuickSort,96900,808672
900,NEARLY_SORTED,QuickSort,203800,808672
900,REVERSE_SORTED,QuickSort,4228800,3714496
1000,RANDOM,QuickSort,111500,808672
1000,NEARLY_SORTED,QuickSort,945200,808672
1000,REVERSE_SORTED,QuickSort,5197500,4194304
1100,RANDOM,QuickSort,165600,808672
1100,NEARLY_SORTED,QuickSort,881600,808672
1100,REVERSE_SORTED,QuickSort,5513300,5002976
1200,RANDOM,QuickSort,170900,808672
1200,NEARLY_SORTED,QuickSort,651900,808672
1200,REVERSE_SORTED,QuickSort,5958700,5811648
1300,RANDOM,QuickSort,179000,808672
1300,NEARLY_SORTED,QuickSort,903700,808672
1300,REVERSE_SORTED,QuickSort,7437500,7100128
1400,RANDOM,QuickSort,207300,808672
1400,NEARLY_SORTED,QuickSort,804800,808672
1400,REVERSE_SORTED,QuickSort,9010700,7908800
1500,RANDOM,QuickSort,234600,808672
1500,NEARLY_SORTED,QuickSort,1063700,1617344
1500,REVERSE_SORTED,QuickSort,9936800,9197280
1600,RANDOM,QuickSort,242200,808672
1600,NEARLY_SORTED,QuickSort,6310600,5811648
1600,REVERSE_SORTED,QuickSort,12526200,10485760
1700,RANDOM,QuickSort,187500,808672
1700,NEARLY_SORTED,QuickSort,613600,808672
1700,REVERSE_SORTED,QuickSort,13149100,12103104
1800,RANDOM,QuickSort,267200,808672
1800,NEARLY_SORTED,QuickSort,754600,808672
1800,REVERSE_SORTED,QuickSort,17709100,13391584
1900,RANDOM,QuickSort,270300,808672
1900,NEARLY_SORTED,QuickSort,8657600,4194304
1900,REVERSE_SORTED,QuickSort,16634300,14680064
2000,RANDOM,QuickSort,328000,808672
2000,NEARLY_SORTED,QuickSort,1749500,1617344
2000,REVERSE_SORTED,QuickSort,18388900,16297408
2100,RANDOM,QuickSort,344700,808672
2100,NEARLY_SORTED,QuickSort,1142700,1617344
2100,REVERSE_SORTED,QuickSort,19550900,17585888
2200,RANDOM,QuickSort,350800,808672
2200,NEARLY_SORTED,QuickSort,2309000,2097152
2200,REVERSE_SORTED,QuickSort,22117600,19683040
2300,RANDOM,QuickSort,333400,808672
2300,NEARLY_SORTED,QuickSort,1596700,1617344
2300,REVERSE_SORTED,QuickSort,24915100,21780192
2400,RANDOM,QuickSort,248500,793664
2400,NEARLY_SORTED,QuickSort,1781900,1587328
2400,REVERSE_SORTED,QuickSort,26423700,23068672
2500,RANDOM,QuickSort,364700,807856
2500,NEARLY_SORTED,QuickSort,3586900,3712864
2500,REVERSE_SORTED,QuickSort,30045200,25165824
2600,RANDOM,QuickSort,349500,815632
2600,NEARLY_SORTED,QuickSort,4434400,3728416
2600,REVERSE_SORTED,QuickSort,30505300,27262976
2700,RANDOM,QuickSort,343900,820312
2700,NEARLY_SORTED,QuickSort,4347700,3737776
2700,REVERSE_SORTED,QuickSort,32560200,29360128
2800,RANDOM,QuickSort,366500,823848
2800,NEARLY_SORTED,QuickSort,1853500,2097152
2800,REVERSE_SORTED,QuickSort,32594000,31457280
2900,RANDOM,QuickSort,437000,827312
2900,NEARLY_SORTED,QuickSort,3050000,2924464
2900,REVERSE_SORTED,QuickSort,38550700,34381744
3000,RANDOM,QuickSort,399600,814024
3000,NEARLY_SORTED,QuickSort,2177400,2097152
3000,REVERSE_SORTED,QuickSort,39357100,36465608
3100,RANDOM,QuickSort,441200,808400
3100,NEARLY_SORTED,QuickSort,1133500,1616800
3100,REVERSE_SORTED,QuickSort,39687500,38557136
3200,RANDOM,QuickSort,326300,808032
3200,NEARLY_SORTED,QuickSort,913600,808032
3200,REVERSE_SORTED,QuickSort,49916200,41461952
3300,RANDOM,QuickSort,684900,811312
3300,NEARLY_SORTED,QuickSort,2151700,2097152
3300,REVERSE_SORTED,QuickSort,55998800,1951440
3400,RANDOM,QuickSort,829200,697616
3400,NEARLY_SORTED,QuickSort,2071500,1969728
3400,REVERSE_SORTED,QuickSort,49455700,13258768
3500,RANDOM,QuickSort,421600,950760
3500,NEARLY_SORTED,QuickSort,1089800,909424
3500,REVERSE_SORTED,QuickSort,54153400,3026552
3600,RANDOM,QuickSort,466300,1048576
3600,NEARLY_SORTED,QuickSort,1349900,2097152
3600,REVERSE_SORTED,QuickSort,59098600,52428800
3700,RANDOM,QuickSort,475600,1048576
3700,NEARLY_SORTED,QuickSort,1089200,1048576
3700,REVERSE_SORTED,QuickSort,60645000,55574528
3800,RANDOM,QuickSort,512000,1048576
3800,NEARLY_SORTED,QuickSort,5143500,4194304
3800,REVERSE_SORTED,QuickSort,70491500,2161280
3900,RANDOM,QuickSort,668000,1048576
3900,NEARLY_SORTED,QuickSort,2270300,3145728
3900,REVERSE_SORTED,QuickSort,79822600,2160248
4000,RANDOM,QuickSort,663900,1048576
4000,NEARLY_SORTED,QuickSort,4101000,4194304
4000,REVERSE_SORTED,QuickSort,68419000,63963136
4100,RANDOM,QuickSort,1026600,1048576
4100,NEARLY_SORTED,QuickSort,1886800,2097152
4100,REVERSE_SORTED,QuickSort,77875500,3223208
4200,RANDOM,QuickSort,972600,1048576
4200,NEARLY_SORTED,QuickSort,2331600,3145728
4200,REVERSE_SORTED,QuickSort,81825300,4263120
4300,RANDOM,QuickSort,939100,1048576
4300,NEARLY_SORTED,QuickSort,2523500,2097152
4300,REVERSE_SORTED,QuickSort,95857400,7417408
4400,RANDOM,QuickSort,837400,1048576
4400,NEARLY_SORTED,QuickSort,3376600,3145728
4400,REVERSE_SORTED,QuickSort,90221400,6364232
4500,RANDOM,QuickSort,1427500,1048576
4500,NEARLY_SORTED,QuickSort,1026000,1048576
4500,REVERSE_SORTED,QuickSort,97506100,14754600
4600,RANDOM,QuickSort,584900,1048576
4600,NEARLY_SORTED,QuickSort,9321100,9437184
4600,REVERSE_SORTED,QuickSort,106864800,17909024
4700,RANDOM,QuickSort,1059200,1048576
4700,NEARLY_SORTED,QuickSort,2914500,2097152
4700,REVERSE_SORTED,QuickSort,114063500,22105248
4800,RANDOM,QuickSort,1091600,1048576
4800,NEARLY_SORTED,QuickSort,9147800,6291456
4800,REVERSE_SORTED,QuickSort,113124500,25245640
4900,RANDOM,QuickSort,653000,1048576
4900,NEARLY_SORTED,QuickSort,3824600,3145728
4900,REVERSE_SORTED,QuickSort,123349700,29441704
5000,RANDOM,QuickSort,778900,1048576
5000,NEARLY_SORTED,QuickSort,3126500,4194304
5000,REVERSE_SORTED,QuickSort,134567800,33645344
5100,RANDOM,QuickSort,1202000,1048576
5100,NEARLY_SORTED,QuickSort,3070300,2097152
5100,REVERSE_SORTED,QuickSort,143343800,37833832
5200,RANDOM,QuickSort,1321400,1048576
5200,NEARLY_SORTED,QuickSort,6353400,4194304
5200,REVERSE_SORTED,QuickSort,120464400,37835592
5300,RANDOM,QuickSort,1328700,1048576
5300,NEARLY_SORTED,QuickSort,10070200,9437184
5300,REVERSE_SORTED,QuickSort,166522700,46225960
5400,RANDOM,QuickSort,921300,1048576
5400,NEARLY_SORTED,QuickSort,3159800,3145728
5400,REVERSE_SORTED,QuickSort,135303600,50422024
5500,RANDOM,QuickSort,949300,1048576
5500,NEARLY_SORTED,QuickSort,2384100,3145728
5500,REVERSE_SORTED,QuickSort,164130400,54626464
5600,RANDOM,QuickSort,969300,1048576
5600,NEARLY_SORTED,QuickSort,5430200,5242880
5600,REVERSE_SORTED,QuickSort,136234300,58822688
5700,RANDOM,QuickSort,1098600,1048576
5700,NEARLY_SORTED,QuickSort,2425400,2097152
5700,REVERSE_SORTED,QuickSort,162195700,63010216
5800,RANDOM,QuickSort,752500,1048576
5800,NEARLY_SORTED,QuickSort,3801000,4194304
5800,REVERSE_SORTED,QuickSort,156439400,3253920
5900,RANDOM,QuickSort,1097700,1048576
5900,NEARLY_SORTED,QuickSort,3466800,4194304
5900,REVERSE_SORTED,QuickSort,160785400,68257056
6000,RANDOM,QuickSort,814700,1048576
6000,NEARLY_SORTED,QuickSort,4141100,3145728
6000,REVERSE_SORTED,QuickSort,179322600,12685696
6100,RANDOM,QuickSort,650700,1048576
6100,NEARLY_SORTED,QuickSort,2226100,3145728
6100,REVERSE_SORTED,QuickSort,263951800,81892064
6200,RANDOM,QuickSort,1067600,1048576
6200,NEARLY_SORTED,QuickSort,9110200,8388608
6200,REVERSE_SORTED,QuickSort,184503600,22126400
6300,RANDOM,QuickSort,832300,1048576
6300,NEARLY_SORTED,QuickSort,5533900,5242880
6300,REVERSE_SORTED,QuickSort,169597700,27371128
6400,RANDOM,QuickSort,980900,1048576
6400,NEARLY_SORTED,QuickSort,3909200,4194304
6400,REVERSE_SORTED,QuickSort,187245200,24227160
6500,RANDOM,QuickSort,1639200,1048576
6500,NEARLY_SORTED,QuickSort,2516600,3145728
6500,REVERSE_SORTED,QuickSort,203265100,37860408
6600,RANDOM,QuickSort,1086500,1048576
6600,NEARLY_SORTED,QuickSort,6200600,6291456
6600,REVERSE_SORTED,QuickSort,200602600,43105048
6700,RANDOM,QuickSort,1129700,1048576
6700,NEARLY_SORTED,QuickSort,2646200,3145728
6700,REVERSE_SORTED,QuickSort,269865200,48349688
6800,RANDOM,QuickSort,1270700,1048576
6800,NEARLY_SORTED,QuickSort,8543600,4194304
6800,REVERSE_SORTED,QuickSort,210839200,45205720
6900,RANDOM,QuickSort,2434900,2097152
6900,NEARLY_SORTED,QuickSort,3550800,4194304
6900,REVERSE_SORTED,QuickSort,233204700,58838968
7000,RANDOM,QuickSort,976000,1048576
7000,NEARLY_SORTED,QuickSort,14333800,10485760
7000,REVERSE_SORTED,QuickSort,250914400,64083608
7100,RANDOM,QuickSort,1090700,1048576
7100,NEARLY_SORTED,QuickSort,5079700,5242880
7100,REVERSE_SORTED,QuickSort,249007000,70376824
7200,RANDOM,QuickSort,950200,1048576
7200,NEARLY_SORTED,QuickSort,39334500,3145728
7200,REVERSE_SORTED,QuickSort,242915800,67232856
7300,RANDOM,QuickSort,1324400,2097152
7300,NEARLY_SORTED,QuickSort,2868900,3145728
7300,REVERSE_SORTED,QuickSort,281500600,81914680
7400,RANDOM,QuickSort,1327600,1048576
7400,NEARLY_SORTED,QuickSort,10229200,7340032
7400,REVERSE_SORTED,QuickSort,243489800,22147960
7500,RANDOM,QuickSort,1004200,1048576
7500,NEARLY_SORTED,QuickSort,6243800,7340032
7500,REVERSE_SORTED,QuickSort,288285500,158462928
7600,RANDOM,QuickSort,1444800,1048576
7600,NEARLY_SORTED,QuickSort,9828200,8388608
7600,REVERSE_SORTED,QuickSort,266292000,34746240
7700,RANDOM,QuickSort,1743700,1048576
7700,NEARLY_SORTED,QuickSort,9425300,8388608
7700,REVERSE_SORTED,QuickSort,334059100,171049360
7800,RANDOM,QuickSort,2877400,2097152
7800,NEARLY_SORTED,QuickSort,17043300,13631488
7800,REVERSE_SORTED,QuickSort,279610900,47320736
7900,RANDOM,QuickSort,1063100,1048576
7900,NEARLY_SORTED,QuickSort,7197500,7340032
7900,REVERSE_SORTED,QuickSort,302407300,118625400
8000,RANDOM,QuickSort,1332600,2097152
8000,NEARLY_SORTED,QuickSort,5873800,4194304
8000,REVERSE_SORTED,QuickSort,332855600,59907256
8100,RANDOM,QuickSort,1178100,1048576
8100,NEARLY_SORTED,QuickSort,4802800,4194304
8100,REVERSE_SORTED,QuickSort,337311800,196222224
8200,RANDOM,QuickSort,1888400,2097152
8200,NEARLY_SORTED,QuickSort,17550400,12582912
8200,REVERSE_SORTED,QuickSort,319971200,7482064
8300,RANDOM,QuickSort,2247900,2097152
8300,NEARLY_SORTED,QuickSort,9705600,10485760
8300,REVERSE_SORTED,QuickSort,302480200,13775280
8400,RANDOM,QuickSort,996200,1048576
8400,NEARLY_SORTED,QuickSort,12745600,13631488
8400,REVERSE_SORTED,QuickSort,306073300,21117072
8500,RANDOM,QuickSort,1167700,2097152
8500,NEARLY_SORTED,QuickSort,10089900,9437184
8500,REVERSE_SORTED,QuickSort,331785500,27410288
8600,RANDOM,QuickSort,2131000,2097152
8600,NEARLY_SORTED,QuickSort,3634300,4194304
8600,REVERSE_SORTED,QuickSort,326433700,17974864
8700,RANDOM,QuickSort,2021500,2097152
8700,NEARLY_SORTED,QuickSort,5062400,5242880
8700,REVERSE_SORTED,QuickSort,348272800,41045296
8800,RANDOM,QuickSort,1311900,2097152
8800,NEARLY_SORTED,QuickSort,11765700,10485760
8800,REVERSE_SORTED,QuickSort,358535600,31609872
8900,RANDOM,QuickSort,1338600,2097152
8900,NEARLY_SORTED,QuickSort,4968900,4194304
8900,REVERSE_SORTED,QuickSort,333957400,55728880
9000,RANDOM,QuickSort,1112200,2097152
9000,NEARLY_SORTED,QuickSort,3616200,4194304
9000,REVERSE_SORTED,QuickSort,417767100,56776624
9100,RANDOM,QuickSort,1237400,2097152
9100,NEARLY_SORTED,QuickSort,9905000,9437184
9100,REVERSE_SORTED,QuickSort,395881800,122841176
9200,RANDOM,QuickSort,1276600,2097152
9200,NEARLY_SORTED,QuickSort,15075200,15728640
9200,REVERSE_SORTED,QuickSort,420976400,11693968
9300,RANDOM,QuickSort,1333000,2097152
9300,NEARLY_SORTED,QuickSort,4825200,5242880
9300,REVERSE_SORTED,QuickSort,452873400,13786296
9400,RANDOM,QuickSort,1487800,2097152
9400,NEARLY_SORTED,QuickSort,16616400,9437184
9400,REVERSE_SORTED,QuickSort,480637500,92437840
9500,RANDOM,QuickSort,1531100,2097152
9500,NEARLY_SORTED,QuickSort,7901400,6291456
9500,REVERSE_SORTED,QuickSort,482986600,99779632
9600,RANDOM,QuickSort,1259000,2097152
9600,NEARLY_SORTED,QuickSort,5163900,5242880
9600,REVERSE_SORTED,QuickSort,482465500,107121424
9700,RANDOM,QuickSort,1985900,2097152
9700,NEARLY_SORTED,QuickSort,14093600,7340032
9700,REVERSE_SORTED,QuickSort,467283000,50500080
9800,RANDOM,QuickSort,1464000,2097152
9800,NEARLY_SORTED,QuickSort,7911600,6291456
9800,REVERSE_SORTED,QuickSort,422344800,122853584
9900,RANDOM,QuickSort,1447400,2097152
9900,NEARLY_SORTED,QuickSort,9261800,9437184
9900,REVERSE_SORTED,QuickSort,463805300,45260720
10000,RANDOM,QuickSort,1437400,2097152
10000,NEARLY_SORTED,QuickSort,18625700,12582912
10000,REVERSE_SORTED,QuickSort,512861200,8562320
# --- block: MergeSort ---
100,RANDOM,MergeSort,116300,1048576
100,NEARLY_SORTED,MergeSort,129700,1048576
100,REVERSE_SORTED,MergeSort,109300,1048576
200,RANDOM,MergeSort,210100,1048576
200,NEARLY_SORTED,MergeSort,90000,1048576
200,REVERSE_SORTED,MergeSort,75100,1048576
300,RANDOM,MergeSort,189200,1048576
300,NEARLY_SORTED,MergeSort,140300,1048576
300,REVERSE_SORTED,MergeSort,98600,1048576
400,RANDOM,MergeSort,900400,1048576
400,NEARLY_SORTED,MergeSort,124600,1048576
400,REVERSE_SORTED,MergeSort,145900,1048576
500,RANDOM,MergeSort,156600,1048576
500,NEARLY_SORTED,MergeSort,153800,1048576
500,REVERSE_SORTED,MergeSort,151500,1048576
600,RANDOM,MergeSort,197000,1048576
600,NEARLY_SORTED,MergeSort,188800,1048576
600,REVERSE_SORTED,MergeSort,160000,1048576
700,RANDOM,MergeSort,137000,1048576
700,NEARLY_SORTED,MergeSort,107600,1048576
700,REVERSE_SORTED,MergeSort,116600,1048576
800,RANDOM,MergeSort,133600,1048576
800,NEARLY_SORTED,MergeSort,135600,1048576
800,REVERSE_SORTED,MergeSort,126600,1048576
900,RANDOM,MergeSort,152000,1048576
900,NEARLY_SORTED,MergeSort,142600,1048576
900,REVERSE_SORTED,MergeSort,86100,1048576
1000,RANDOM,MergeSort,131200,1048576
1000,NEARLY_SORTED,MergeSort,167100,1048576
1000,REVERSE_SORTED,MergeSort,160300,1048576
1100,RANDOM,MergeSort,188600,1048576
1100,NEARLY_SORTED,MergeSort,171400,1048576
1100,REVERSE_SORTED,MergeSort,180200,1048576
1200,RANDOM,MergeSort,201400,1048576
1200,NEARLY_SORTED,MergeSort,139600,1048576
1200,REVERSE_SORTED,MergeSort,185400,1048576
1300,RANDOM,MergeSort,482200,1048576
1300,NEARLY_SORTED,MergeSort,209000,1048576
1300,REVERSE_SORTED,MergeSort,400100,1048576
1400,RANDOM,MergeSort,273500,1048576
1400,NEARLY_SORTED,MergeSort,248900,1048576
1400,REVERSE_SORTED,MergeSort,260100,1048576
1500,RANDOM,MergeSort,293700,1048576
1500,NEARLY_SORTED,MergeSort,473800,1048576
1500,REVERSE_SORTED,MergeSort,279300,1048576
1600,RANDOM,MergeSort,417000,1048576
1600,NEARLY_SORTED,MergeSort,304700,1048576
1600,REVERSE_SORTED,MergeSort,253000,1048576
1700,RANDOM,MergeSort,335900,1048576
1700,NEARLY_SORTED,MergeSort,351500,1048576
1700,REVERSE_SORTED,MergeSort,318000,1048576
1800,RANDOM,MergeSort,408400,1048576
1800,NEARLY_SORTED,MergeSort,240700,1048576
1800,REVERSE_SORTED,MergeSort,364900,1048576
1900,RANDOM,MergeSort,394400,1048576
1900,NEARLY_SORTED,MergeSort,315300,1048576
1900,REVERSE_SORTED,MergeSort,409600,1048576
2000,RANDOM,MergeSort,376600,1048576
2000,NEARLY_SORTED,MergeSort,385100,1048576
2000,REVERSE_SORTED,MergeSort,289900,1048576
2100,RANDOM,MergeSort,345600,1048576
2100,NEARLY_SORTED,MergeSort,405100,1048576
2100,REVERSE_SORTED,MergeSort,363200,1048576
2200,RANDOM,MergeSort,466200,1048576
2200,NEARLY_SORTED,MergeSort,274100,1048576
2200,REVERSE_SORTED,MergeSort,396600,1048576
2300,RANDOM,MergeSort,436100,1048576
2300,NEARLY_SORTED,MergeSort,412100,1048576
2300,REVERSE_SORTED,MergeSort,287100,1048576
2400,RANDOM,MergeSort,462300,1048576
2400,NEARLY_SORTED,MergeSort,359000,1048576
2400,REVERSE_SORTED,MergeSort,359500,1048576
2500,RANDOM,MergeSort,431800,1048576
2500,NEARLY_SORTED,MergeSort,316600,1048576
2500,REVERSE_SORTED,MergeSort,457900,1048576
2600,RANDOM,MergeSort,494800,1048576
2600,NEARLY_SORTED,MergeSort,486300,1048576
2600,REVERSE_SORTED,MergeSort,522400,1048576
2700,RANDOM,MergeSort,544100,1048576
2700,NEARLY_SORTED,MergeSort,525800,1048576
2700,REVERSE_SORTED,MergeSort,518700,1048576
2800,RANDOM,MergeSort,397000,1048576
2800,NEARLY_SORTED,MergeSort,499000,1048576
2800,REVERSE_SORTED,MergeSort,433200,1048576
2900,RANDOM,MergeSort,527200,1048576
2900,NEARLY_SORTED,MergeSort,344900,1048576
2900,REVERSE_SORTED,MergeSort,553400,1048576
3000,RANDOM,MergeSort,637600,1048576
3000,NEARLY_SORTED,MergeSort,991900,1048576
3000,REVERSE_SORTED,MergeSort,437800,1048576
3100,RANDOM,MergeSort,652100,1048576
3100,NEARLY_SORTED,MergeSort,760000,1048576
3100,REVERSE_SORTED,MergeSort,575200,1048576
3200,RANDOM,MergeSort,577800,1048576
3200,NEARLY_SORTED,MergeSort,579400,1048576
3200,REVERSE_SORTED,MergeSort,574400,1048576
3300,RANDOM,MergeSort,566200,1048576
3300,NEARLY_SORTED,MergeSort,587800,1048576
3300,REVERSE_SORTED,MergeSort,404200,1048576
3400,RANDOM,MergeSort,479800,1048576
3400,NEARLY_SORTED,MergeSort,376800,1048576
3400,REVERSE_SORTED,MergeSort,620100,1048576
3500,RANDOM,MergeSort,690900,1048576
3500,NEARLY_SORTED,MergeSort,635400,1048576
3500,REVERSE_SORTED,MergeSort,1122900,1048576
3600,RANDOM,MergeSort,691200,1048576
3600,NEARLY_SORTED,MergeSort,658700,1048576
3600,REVERSE_SORTED,MergeSort,683500,1048576
3700,RANDOM,MergeSort,796000,1048576
3700,NEARLY_SORTED,MergeSort,745400,1048576
3700,REVERSE_SORTED,MergeSort,918100,1048576
3800,RANDOM,MergeSort,790000,1048576
3800,NEARLY_SORTED,MergeSort,728100,1048576
3800,REVERSE_SORTED,MergeSort,814700,1048576
3900,RANDOM,MergeSort,809400,2097152
3900,NEARLY_SORTED,MergeSort,809600,2097152
3900,REVERSE_SORTED,MergeSort,803000,2097152
4000,RANDOM,MergeSort,853500,2097152
4000,NEARLY_SORTED,MergeSort,776400,2097152
4000,REVERSE_SORTED,MergeSort,1284500,2097152
4100,RANDOM,MergeSort,814800,2097152
4100,NEARLY_SORTED,MergeSort,735800,2097152
4100,REVERSE_SORTED,MergeSort,766600,2097152
4200,RANDOM,MergeSort,1397300,2097152
4200,NEARLY_SORTED,MergeSort,776800,2097152
4200,REVERSE_SORTED,MergeSort,865600,2097152
4300,RANDOM,MergeSort,853800,2097152
4300,NEARLY_SORTED,MergeSort,790700,2097152
4300,REVERSE_SORTED,MergeSort,875500,2097152
4400,RANDOM,MergeSort,842500,2097152
4400,NEARLY_SORTED,MergeSort,899100,2097152
4400,REVERSE_SORTED,MergeSort,884000,2097152
4500,RANDOM,MergeSort,1284200,2097152
4500,NEARLY_SORTED,MergeSort,853900,2097152
4500,REVERSE_SORTED,MergeSort,885300,2097152
4600,RANDOM,MergeSort,923500,2097152
4600,NEARLY_SORTED,MergeSort,851800,2097152
4600,REVERSE_SORTED,MergeSort,876200,2097152
4700,RANDOM,MergeSort,856300,2097152
4700,NEARLY_SORTED,MergeSort,835400,2097152
4700,REVERSE_SORTED,MergeSort,837800,2097152
4800,RANDOM,MergeSort,1086500,2097152
4800,NEARLY_SORTED,MergeSort,898100,2097152
4800,REVERSE_SORTED,MergeSort,860000,2097152
4900,RANDOM,MergeSort,865700,2097152
4900,NEARLY_SORTED,MergeSort,926000,2097152
4900,REVERSE_SORTED,MergeSort,921700,2097152
5000,RANDOM,MergeSort,931500,2097152
5000,NEARLY_SORTED,MergeSort,863800,2097152
5000,REVERSE_SORTED,MergeSort,956300,2097152
5100,RANDOM,MergeSort,1123900,2097152
5100,NEARLY_SORTED,MergeSort,987000,2097152
5100,REVERSE_SORTED,MergeSort,991600,2097152
5200,RANDOM,MergeSort,1187900,2097152
5200,NEARLY_SORTED,MergeSort,1013900,2097152
5200,REVERSE_SORTED,MergeSort,1285000,2097152
5300,RANDOM,MergeSort,1082100,2097152
5300,NEARLY_SORTED,MergeSort,1150000,2097152
5300,REVERSE_SORTED,MergeSort,1286900,2097152
5400,RANDOM,MergeSort,1074200,2097152
5400,NEARLY_SORTED,MergeSort,1024100,2097152
5400,REVERSE_SORTED,MergeSort,1022400,2097152
5500,RANDOM,MergeSort,1062500,2097152
5500,NEARLY_SORTED,MergeSort,971600,2097152
5500,REVERSE_SORTED,MergeSort,1023600,2097152
5600,RANDOM,MergeSort,1204000,2097152
5600,NEARLY_SORTED,MergeSort,982700,2097152
5600,REVERSE_SORTED,MergeSort,987000,2097152
5700,RANDOM,MergeSort,1142700,2097152
5700,NEARLY_SORTED,MergeSort,951800,2097152
5700,REVERSE_SORTED,MergeSort,1081800,2097152
5800,RANDOM,MergeSort,1039000,2097152
5800,NEARLY_SORTED,MergeSort,981500,2097152
5800,REVERSE_SORTED,MergeSort,965200,2097152
5900,RANDOM,MergeSort,975300,2097152
5900,NEARLY_SORTED,MergeSort,993600,2097152
5900,REVERSE_SORTED,MergeSort,1015600,2097152
6000,RANDOM,MergeSort,995200,2097152
6000,NEARLY_SORTED,MergeSort,1097400,2097152
6000,REVERSE_SORTED,MergeSort,965300,2097152
6100,RANDOM,MergeSort,984800,2097152
6100,NEARLY_SORTED,MergeSort,1556900,2097152
6100,REVERSE_SORTED,MergeSort,984500,2097152
6200,RANDOM,MergeSort,1769800,2097152
6200,NEARLY_SORTED,MergeSort,953100,2097152
6200,REVERSE_SORTED,MergeSort,1084500,2097152
6300,RANDOM,MergeSort,1027700,2097152
6300,NEARLY_SORTED,MergeSort,972100,2097152
6300,REVERSE_SORTED,MergeSort,1017300,2097152
6400,RANDOM,MergeSort,1184600,2097152
6400,NEARLY_SORTED,MergeSort,1384600,2097152
6400,REVERSE_SORTED,MergeSort,1074800,2097152
6500,RANDOM,MergeSort,2069000,2097152
6500,NEARLY_SORTED,MergeSort,1022900,2097152
6500,REVERSE_SORTED,MergeSort,1256700,2097152
6600,RANDOM,MergeSort,1124000,2097152
6600,NEARLY_SORTED,MergeSort,1018100,2097152
6600,REVERSE_SORTED,MergeSort,1289500,2097152
6700,RANDOM,MergeSort,1146800,2097152
6700,NEARLY_SORTED,MergeSort,1055100,2097152
6700,REVERSE_SORTED,MergeSort,1106400,2097152
6800,RANDOM,MergeSort,1144800,2097152
6800,NEARLY_SORTED,MergeSort,1089100,2097152
6800,REVERSE_SORTED,MergeSort,1130600,2097152
6900,RANDOM,MergeSort,1125600,2097152
6900,NEARLY_SORTED,MergeSort,1091900,2097152
6900,REVERSE_SORTED,MergeSort,1357600,2097152
7000,RANDOM,MergeSort,1138400,2097152
7000,NEARLY_SORTED,MergeSort,1140100,2097152
7000,REVERSE_SORTED,MergeSort,1526800,2097152
7100,RANDOM,MergeSort,1167600,2097152
7100,NEARLY_SORTED,MergeSort,1842700,2097152
7100,REVERSE_SORTED,MergeSort,1259500,2097152
7200,RANDOM,MergeSort,1237100,3145728
7200,NEARLY_SORTED,MergeSort,1137700,2097152
7200,REVERSE_SORTED,MergeSort,1240000,2097152
7300,RANDOM,MergeSort,2310300,3145728
7300,NEARLY_SORTED,MergeSort,1157300,3145728
7300,REVERSE_SORTED,MergeSort,1736900,3145728
7400,RANDOM,MergeSort,1246900,3145728
7400,NEARLY_SORTED,MergeSort,1504200,3145728
7400,REVERSE_SORTED,MergeSort,1189900,3145728
7500,RANDOM,MergeSort,1300300,3145728
7500,NEARLY_SORTED,MergeSort,1167000,3145728
7500,REVERSE_SORTED,MergeSort,1441800,3145728
7600,RANDOM,MergeSort,2140500,3145728
7600,NEARLY_SORTED,MergeSort,1209600,3145728
7600,REVERSE_SORTED,MergeSort,1629700,3145728
7700,RANDOM,MergeSort,1263300,3145728
7700,NEARLY_SORTED,MergeSort,1334400,3145728
7700,REVERSE_SORTED,MergeSort,1327700,3145728
7800,RANDOM,MergeSort,1536700,3145728
7800,NEARLY_SORTED,MergeSort,1366400,3145728
7800,REVERSE_SORTED,MergeSort,1803500,3145728
7900,RANDOM,MergeSort,1359700,3145728
7900,NEARLY_SORTED,MergeSort,1270800,3145728
7900,REVERSE_SORTED,MergeSort,1302900,3145728
8000,RANDOM,MergeSort,1547500,3145728
8000,NEARLY_SORTED,MergeSort,1702500,3145728
8000,REVERSE_SORTED,MergeSort,1592900,3145728
8100,RANDOM,MergeSort,1424300,3145728
8100,NEARLY_SORTED,MergeSort,1274600,3145728
8100,REVERSE_SORTED,MergeSort,1311200,3145728
8200,RANDOM,MergeSort,1388400,3145728
8200,NEARLY_SORTED,MergeSort,1437000,3145728
8200,REVERSE_SORTED,MergeSort,1458400,3145728
8300,RANDOM,MergeSort,1457600,3145728
8300,NEARLY_SORTED,MergeSort,1415500,3145728
8300,REVERSE_SORTED,MergeSort,1618600,3145728
8400,RANDOM,MergeSort,1405400,3145728
8400,NEARLY_SORTED,MergeSort,1395000,3145728
8400,REVERSE_SORTED,MergeSort,1636900,3145728
8500,RANDOM,MergeSort,1422700,3145728
8500,NEARLY_SORTED,MergeSort,1428300,3145728
8500,REVERSE_SORTED,MergeSort,1727200,3145728
8600,RANDOM,MergeSort,1455900,3145728
8600,NEARLY_SORTED,MergeSort,1452500,3145728
8600,REVERSE_SORTED,MergeSort,1698000,3145728
8700,RANDOM,MergeSort,1620100,3145728
8700,NEARLY_SORTED,MergeSort,1349900,3145728
8700,REVERSE_SORTED,MergeSort,1443300,3145728
8800,RANDOM,MergeSort,1593100,3145728
8800,NEARLY_SORTED,MergeSort,1372800,3145728
8800,REVERSE_SORTED,MergeSort,1763000,3145728
8900,RANDOM,MergeSort,1485600,3145728
8900,NEARLY_SORTED,MergeSort,1486600,3145728
8900,REVERSE_SORTED,MergeSort,1776600,3145728
9000,RANDOM,MergeSort,1496000,3145728
9000,NEARLY_SORTED,MergeSort,1459800,3145728
9000,REVERSE_SORTED,MergeSort,1825400,3145728
9100,RANDOM,MergeSort,1768000,3145728
9100,NEARLY_SORTED,MergeSort,1448800,3145728
9100,REVERSE_SORTED,MergeSort,1627700,3145728
9200,RANDOM,MergeSort,2028300,3145728
9200,NEARLY_SORTED,MergeSort,1495200,3145728
9200,REVERSE_SORTED,MergeSort,2025600,3145728
9300,RANDOM,MergeSort,1737900,3145728
9300,NEARLY_SORTED,MergeSort,1504500,3145728
9300,REVERSE_SORTED,MergeSort,1911600,3145728
9400,RANDOM,MergeSort,1410800,3145728
9400,NEARLY_SORTED,MergeSort,1590800,3145728
9400,REVERSE_SORTED,MergeSort,1576600,3145728
9500,RANDOM,MergeSort,1601100,3145728
9500,NEARLY_SORTED,MergeSort,1474100,3145728
9500,REVERSE_SORTED,MergeSort,1595300,3145728
9600,RANDOM,MergeSort,1673700,3145728
9600,NEARLY_SORTED,MergeSort,1573900,3145728
9600,REVERSE_SORTED,MergeSort,1578300,3145728
9700,RANDOM,MergeSort,1658600,3145728
9700,NEARLY_SORTED,MergeSort,1565500,3145728
9700,REVERSE_SORTED,MergeSort,2001500,3145728
9800,RANDOM,MergeSort,1683000,3145728
9800,NEARLY_SORTED,MergeSort,1823200,3145728
9800,REVERSE_SORTED,MergeSort,1626900,3145728
9900,RANDOM,MergeSort,2016300,3145728
9900,NEARLY_SORTED,MergeSort,1585000,3145728
9900,REVERSE_SORTED,MergeSort,1655400,3145728
10000,RANDOM,MergeSort,1811200,3145728
10000,NEARLY_SORTED,MergeSort,1689900,3145728
10000,REVERSE_SORTED,MergeSort,1746500,3145728
